,position,gain,entropy,gain_norm,entropy_norm,distance_top,distance_norm,epitope,rbs
0,1,1.938087121985954e-05,0.0082322740127607,0.0001685321145433,0.0060154218991282,1.409846908595524,0.0030876904972144,,no_rbs
1,2,7.760457214242567e-05,0.0274115409024402,0.000674833576521,0.0200299435098723,1.399639989377475,0.0103050722913201,,no_rbs
2,3,0.0001164881342347,0.041382218401578,0.001012957124532,0.0302384860393974,1.3922688338795175,0.0155172663291062,,no_rbs
3,4,0.0,0.0,0.0,0.0,1.4142135623730951,0.0,,no_rbs
4,5,0.0001749154988875,0.0646862504625384,0.0015210296048874,0.0472670233038508,1.38009433706743,0.0241259355824673,,no_rbs
5,6,3.877524442602587e-05,0.0150855025657171,0.0003371816396135,0.0110231586500287,1.40620089003627,0.005665814944795,,no_rbs
6,7,0.0002139353120859,0.0676231619829365,0.0018603379648068,0.0494130599698097,1.3783679898647132,0.0253466473961909,,no_rbs
7,8,3.877524442602587e-05,0.0164638623176124,0.0003371816396135,0.0120303427432179,1.4054927228813086,0.0061665647422817,,no_rbs
8,9,0.0,0.0,0.0,0.0,1.4142135623730951,0.0,,no_rbs
9,10,0.0001359503005591,0.0510575560795618,0.0011821961647702,0.0373083719614874,1.3872318392949583,0.0190789593566479,,no_rbs
10,11,7.760457214242567e-05,0.0315466201581259,0.000674833576521,0.02305149578944,1.397526088531647,0.0117998259141611,,no_rbs
11,12,0.0,0.0,0.0,0.0,1.4142135623730951,0.0,,no_rbs
12,13,0.0,0.0,0.0,0.0,1.4142135623730951,0.0,,no_rbs
13,14,3.877524442602587e-05,0.0164638623176124,0.0003371816396135,0.0120303427432179,1.4054927228813086,0.0061665647422817,,no_rbs
14,15,7.760457214242567e-05,0.0329249799100212,0.000674833576521,0.0240586798826292,1.3968221964730336,0.0122975527620299,,no_rbs
15,16,0.0,0.0,0.0,0.0,1.4142135623730951,0.0,,no_rbs
16,17,0.0026018791192089,0.0233164046894313,0.0226254116634891,0.0170375780932861,1.3861732246752845,0.0198275129328826,,no_rbs
17,18,0.0,0.0,0.0,0.0,1.4142135623730951,0.0,,no_rbs
18,19,1.938087121985954e-05,0.0082322740127607,0.0001685321145433,0.0060154218991282,1.409846908595524,0.0030876904972144,,no_rbs
19,20,0.0,0.0,0.0,0.0,1.4142135623730951,0.0,,no_rbs
20,21,3.877524442602587e-05,0.0164638623176124,0.0003371816396135,0.0120303427432179,1.4054927228813086,0.0061665647422817,,no_rbs
21,22,1.938087121985954e-05,0.0082322740127607,0.0001685321145433,0.0060154218991282,1.409846908595524,0.0030876904972144,,no_rbs
22,23,1.938087121985954e-05,0.0082322740127607,0.0001685321145433,0.0060154218991282,1.409846908595524,0.0030876904972144,,no_rbs
23,24,1.938087121985954e-05,0.0082322740127607,0.0001685321145433,0.0060154218991282,1.409846908595524,0.0030876904972144,,no_rbs
24,25,0.0,0.0,0.0,0.0,1.4142135623730951,0.0,,no_rbs
25,26,1.938087121985954e-05,0.0082322740127607,0.0001685321145433,0.0060154218991282,1.409846908595524,0.0030876904972144,,no_rbs
26,27,0.0,0.0,0.0,0.0,1.4142135623730951,0.0,,no_rbs
27,28,0.0,0.0,0.0,0.0,1.4142135623730951,0.0,,no_rbs
28,29,9.70395644240285e-05,0.036499175718378,0.0008438363168104,0.0266703878631987,1.3948776194664838,0.0136725763499008,,no_rbs
29,30,0.0,0.0,0.0,0.0,1.4142135623730951,0.0,,no_rbs
30,31,0.0001554260824219,0.0522955581155368,0.0013515536029625,0.0382129949789945,1.3864822258213385,0.0196090161271136,,no_rbs
31,32,0.0,0.0,0.0,0.0,1.4142135623730951,0.0,,no_rbs
32,33,0.0,0.0,0.0,0.0,1.4142135623730951,0.0,,no_rbs
33,34,0.0025831709271402,0.0150855025657171,0.0224627290300379,0.0110231586500287,1.3905589915073606,0.0167263074652186,,no_rbs
34,35,0.0001554260824219,0.0551499409205515,0.0013515536029625,0.0402987269173587,1.3850361919631051,0.0206315164740956,,no_rbs
35,36,5.818313844491163e-05,0.0233164046894313,0.0005059487389214,0.0170375780932861,1.4018571544158829,0.0087372998576522,,no_rbs
36,37,0.0018213477500403,0.3476891793229238,0.0158380696177621,0.2540606763267399,1.2349089763281396,0.1267874886902349,,no_rbs
37,38,0.0001164881342347,0.042829403425775,0.001012957124532,0.0312959615890634,1.3915324738814865,0.0160379514771088,,no_rbs
38,39,1.938087121985954e-05,0.0082322740127607,0.0001685321145433,0.0060154218991282,1.409846908595524,0.0030876904972144,,no_rbs
39,40,5.818313844491163e-05,0.0214177916624406,0.0005059487389214,0.0156502386579337,1.4028302859435515,0.0080491919554512,,no_rbs
40,41,0.0,0.0,0.0,0.0,1.4142135623730951,0.0,,no_rbs
41,42,0.0001749154988875,0.054403904123087,0.0015210296048874,0.0397535888325395,1.3852918192501071,0.0204507606860002,,no_rbs
42,43,0.0,0.0,0.0,0.0,1.4142135623730951,0.0,,no_rbs
43,44,1.938087121985954e-05,0.0082322740127607,0.0001685321145433,0.0060154218991282,1.409846908595524,0.0030876904972144,,no_rbs
44,45,0.0,0.0,0.0,0.0,1.4142135623730951,0.0,,no_rbs
45,46,0.0,0.0,0.0,0.0,1.4142135623730951,0.0,,no_rbs
46,47,1.938087121985954e-05,0.0082322740127607,0.0001685321145433,0.0060154218991282,1.409846908595524,0.0030876904972144,,no_rbs
47,48,0.0288423025085651,0.9636969628701736,0.2508067968113648,0.70418499257759,0.8054793444405437,0.4304400934403968,,no_rbs
48,49,0.0,0.0,0.0,0.0,1.4142135623730951,0.0,,no_rbs
49,50,0.0,0.0,0.0,0.0,1.4142135623730951,0.0,,no_rbs
50,51,0.0,0.0,0.0,0.0,1.4142135623730951,0.0,,no_rbs
51,52,0.0003705637896967,0.1084065378064611,0.0032223473517941,0.0792139645156162,1.3569865924031512,0.0404655785325062,E,no_rbs
52,53,0.0,0.0,0.0,0.0,1.4142135623730951,0.0,,no_rbs
53,54,0.0,0.0,0.0,0.0,1.4142135623730951,0.0,,no_rbs
54,55,0.0,0.0,0.0,0.0,1.4142135623730951,0.0,E,no_rbs
55,56,0.0004689059856907,0.1510611257375543,0.0040775110878148,0.1103821863145091,1.3353956186642195,0.0557327024757253,E,no_rbs
56,57,0.0,0.0,0.0,0.0,1.4142135623730951,0.0,,no_rbs
57,58,0.0008258424353909,0.2179741780102001,0.0071813578624585,0.1592763605553641,1.300963140944764,0.0800801409642072,E,no_rbs
58,59,5.818313844491163e-05,0.0214177916624406,0.0005059487389214,0.0156502386579337,1.4028302859435515,0.0080491919554512,E,no_rbs
59,60,1.938087121985954e-05,0.0082322740127607,0.0001685321145433,0.0060154218991282,1.409846908595524,0.0030876904972144,,no_rbs
60,61,0.0,0.0,0.0,0.0,1.4142135623730951,0.0,E,no_rbs
61,62,0.0,0.0,0.0,0.0,1.4142135623730951,0.0,,no_rbs
62,63,0.0,0.0,0.0,0.0,1.4142135623730951,0.0,,no_rbs
63,64,0.0,0.0,0.0,0.0,1.4142135623730951,0.0,,no_rbs
64,65,0.0,0.0,0.0,0.0,1.4142135623730951,0.0,,no_rbs
65,66,1.938087121985954e-05,0.0082322740127607,0.0001685321145433,0.0060154218991282,1.409846908595524,0.0030876904972144,,no_rbs
66,67,0.0,0.0,0.0,0.0,1.4142135623730951,0.0,,no_rbs
67,68,0.0359022590468177,0.0690937188579625,0.312198743049386,0.0504876136127317,1.172452276626085,0.1709510445800894,,no_rbs
68,69,1.938087121985954e-05,0.0082322740127607,0.0001685321145433,0.0060154218991282,1.409846908595524,0.0030876904972144,C,no_rbs
69,70,0.0,0.0,0.0,0.0,1.4142135623730951,0.0,,no_rbs
70,71,3.877524442602587e-05,0.0150855025657171,0.0003371816396135,0.0110231586500287,1.40620089003627,0.005665814944795,C,no_rbs
71,72,0.0,0.0,0.0,0.0,1.4142135623730951,0.0,,no_rbs
72,73,0.0682007291675454,0.1596856185149461,0.5930596705180474,0.1166842071949581,0.9725467708946854,0.3123055832792883,E,no_rbs
73,74,0.0,0.0,0.0,0.0,1.4142135623730951,0.0,E,no_rbs
74,75,0.1059458377120889,0.6364107926458326,0.92128345801015,0.4650330410514923,0.5407272335932917,0.6176481063539412,E,no_rbs
75,76,0.0001164881342347,0.041382218401578,0.001012957124532,0.0302384860393974,1.3922688338795175,0.0155172663291062,,no_rbs
76,77,0.0,0.0,0.0,0.0,1.4142135623730951,0.0,E,no_rbs
77,78,1.938087121985954e-05,0.0082322740127607,0.0001685321145433,0.0060154218991282,1.409846908595524,0.0030876904972144,E,no_rbs
78,79,0.0,0.0,0.0,0.0,1.4142135623730951,0.0,,no_rbs
79,80,0.0405453306884135,1.2677756118871146,0.352573949760033,0.9263789284838144,0.6515984597131239,0.5392503105261407,E,no_rbs
80,81,0.1098252503622325,0.2075823895745495,0.955018041440272,0.1516829554245311,0.8495087902506524,0.3993065737361833,,no_rbs
81,82,1.938087121985954e-05,0.0082322740127607,0.0001685321145433,0.0060154218991282,1.409846908595524,0.0030876904972144,,no_rbs
82,83,0.0,0.0,0.0,0.0,1.4142135623730951,0.0,,no_rbs
83,84,0.0,0.0,0.0,0.0,1.4142135623730951,0.0,,no_rbs
84,85,0.0079218187986982,0.0150855025657171,0.0688865251736245,0.0110231586500287,1.3583252540278463,0.03951900181997,E,no_rbs
85,86,0.0,0.0,0.0,0.0,1.4142135623730951,0.0,E,no_rbs
86,87,0.0004492097349192,0.1327708040975221,0.00390623649683,0.0970172277180141,1.3444629681504694,0.0493211181666098,E,no_rbs
87,88,0.0933000210028142,0.2638682580646577,0.8113180077492025,0.192811718315807,0.8289474146699597,0.4138456618398145,E,no_rbs
88,89,0.0,0.0,0.0,0.0,1.4142135623730951,0.0,,no_rbs
89,90,0.0001359503005591,0.0440680940188614,0.0011821961647702,0.0322010877435555,1.3907809819748718,0.0165693365002826,E,no_rbs
90,91,0.0,0.0,0.0,0.0,1.4142135623730951,0.0,,no_rbs
91,92,0.0079218187986982,0.0150855025657171,0.0688865251736245,0.0110231586500287,1.3583252540278463,0.03951900181997,C,no_rbs
92,93,0.0,0.0,0.0,0.0,1.4142135623730951,0.0,,no_rbs
93,94,1.938087121985954e-05,0.0082322740127607,0.0001685321145433,0.0060154218991282,1.409846908595524,0.0030876904972144,,no_rbs
94,95,3.877524442602587e-05,0.0150855025657171,0.0003371816396135,0.0110231586500287,1.40620089003627,0.005665814944795,,no_rbs
95,96,0.0,0.0,0.0,0.0,1.4142135623730951,0.0,,no_rbs
96,97,1.938087121985954e-05,0.0082322740127607,0.0001685321145433,0.0060154218991282,1.409846908595524,0.0030876904972144,,no_rbs
97,98,1.938087121985954e-05,0.0082322740127607,0.0001685321145433,0.0060154218991282,1.409846908595524,0.0030876904972144,,no_rbs
98,99,1.938087121985954e-05,0.0082322740127607,0.0001685321145433,0.0060154218991282,1.409846908595524,0.0030876904972144,,no_rbs
99,100,5.818313844491163e-05,0.0233164046894313,0.0005059487389214,0.0170375780932861,1.4018571544158829,0.0087372998576522,,no_rbs
100,101,1.938087121985954e-05,0.0082322740127607,0.0001685321145433,0.0060154218991282,1.409846908595524,0.0030876904972144,,no_rbs
101,102,9.70395644240285e-05,0.0378775354702732,0.0008438363168104,0.0276775719563879,1.3941750046184065,0.0141694000735386,,no_rbs
102,103,0.0,0.0,0.0,0.0,1.4142135623730951,0.0,,no_rbs
103,104,3.877524442602587e-05,0.0150855025657171,0.0003371816396135,0.0110231586500287,1.40620089003627,0.005665814944795,,no_rbs
104,105,3.877524442602587e-05,0.0164638623176124,0.0003371816396135,0.0120303427432179,1.4054927228813086,0.0061665647422817,,no_rbs
105,106,0.0,0.0,0.0,0.0,1.4142135623730951,0.0,,no_rbs
106,107,0.0,0.0,0.0,0.0,1.4142135623730951,0.0,,no_rbs
107,108,0.0,0.0,0.0,0.0,1.4142135623730951,0.0,,no_rbs
108,109,0.0,0.0,0.0,0.0,1.4142135623730951,0.0,,no_rbs
109,110,3.877524442602587e-05,0.0150855025657171,0.0003371816396135,0.0110231586500287,1.40620089003627,0.005665814944795,,no_rbs
110,111,3.877524442602587e-05,0.0150855025657171,0.0003371816396135,0.0110231586500287,1.40620089003627,0.005665814944795,,no_rbs
111,112,3.877524442602587e-05,0.0150855025657171,0.0003371816396135,0.0110231586500287,1.40620089003627,0.005665814944795,,no_rbs
112,113,3.877524442602587e-05,0.0150855025657171,0.0003371816396135,0.0110231586500287,1.40620089003627,0.005665814944795,,no_rbs
113,114,0.0,0.0,0.0,0.0,1.4142135623730951,0.0,,no_rbs
114,115,7.760457214242567e-05,0.0274115409024402,0.000674833576521,0.0200299435098723,1.399639989377475,0.0103050722913201,,no_rbs
115,116,0.0562847363327437,0.3814906322745184,0.4894406202415904,0.2787598056307689,0.8836618687218873,0.3751567003507767,D,no_rbs
116,117,0.0014719209283453,0.2958938446097583,0.0127995250409803,0.2162132006203567,1.2605104222659562,0.1086845326594239,,no_rbs
117,118,0.004036441801776,0.041382218401578,0.0351000769969149,0.0302384860393974,1.3680165406056024,0.0326662273624166,D,no_rbs
118,119,0.0,0.0,0.0,0.0,1.4142135623730951,0.0,D,no_rbs
119,120,0.0,0.0,0.0,0.0,1.4142135623730951,0.0,,no_rbs
120,121,0.0029828686645989,0.6030455040911877,0.0259384192664539,0.4406526223322865,1.1232388223191372,0.2057502118461466,D,no_rbs
121,122,9.70395644240285e-05,0.0356410692415781,0.0008438363168104,0.0260433591121727,1.3953152252289118,0.0133631423478016,D,no_rbs
122,123,3.877524442602587e-05,0.0164638623176124,0.0003371816396135,0.0120303427432179,1.4054927228813086,0.0061665647422817,D,no_rbs
123,124,3.877524442602587e-05,0.0150855025657171,0.0003371816396135,0.0110231586500287,1.40620089003627,0.005665814944795,,no_rbs
124,125,3.877524442602587e-05,0.0150855025657171,0.0003371816396135,0.0110231586500287,1.40620089003627,0.005665814944795,,no_rbs
125,126,0.0001554260824219,0.0537715811686562,0.0013515536029625,0.0392915428241695,1.38573426715961,0.0201379027688689,A,no_rbs
126,127,0.0001359503005591,0.0469224768238761,0.0011821961647702,0.0342868196819197,1.3893303969532562,0.0175950550057547,,no_rbs
127,128,0.0001359503005591,0.0440680940188614,0.0011821961647702,0.0322010877435555,1.3907809819748718,0.0165693365002826,,no_rbs
128,129,0.1149980896660381,1.3685281183608713,1.0,1.0,0.0,1.0,A,no_rbs
129,130,0.0,0.0,0.0,0.0,1.4142135623730951,0.0,,no_rbs
130,131,0.0,0.0,0.0,0.0,1.4142135623730951,0.0,A,no_rbs
131,132,0.0,0.0,0.0,0.0,1.4142135623730951,0.0,A,no_rbs
132,133,0.0,0.0,0.0,0.0,1.4142135623730951,0.0,A,no_rbs
133,134,0.0,0.0,0.0,0.0,1.4142135623730951,0.0,A,no_rbs
134,135,0.0,0.0,0.0,0.0,1.4142135623730951,0.0,,no_rbs
135,136,0.0009712429972067,0.054403904123087,0.0084457315771705,0.0397535888325395,1.380309036914386,0.0239741198647651,A,rbs
136,137,0.0444286528208123,0.0998427723027877,0.3863425292527558,0.0729563177864204,1.1117488386034038,0.2138748572472646,A,rbs
137,138,0.0,0.0,0.0,0.0,1.4142135623730951,0.0,,rbs
138,139,0.0,0.0,0.0,0.0,1.4142135623730951,0.0,C,rbs
139,140,0.0,0.0,0.0,0.0,1.4142135623730951,0.0,,rbs
140,141,0.0060412147538807,0.0214177916624406,0.0525331748677289,0.0156502386579337,1.3662495516487494,0.0339156772360891,C,rbs
141,142,0.0,0.0,0.0,0.0,1.4142135623730951,0.0,,rbs
142,143,0.0,0.0,0.0,0.0,1.4142135623730951,0.0,,rbs
143,144,0.0,0.0,0.0,0.0,1.4142135623730951,0.0,C,no_rbs
144,145,0.0,0.0,0.0,0.0,1.4142135623730951,0.0,C,no_rbs
145,146,0.012636630594512,0.4092306333068778,0.1098855696751975,0.2990297589186739,1.1329885162498603,0.1988561371532389,C,no_rbs
146,147,1.938087121985954e-05,0.0082322740127607,0.0001685321145433,0.0060154218991282,1.409846908595524,0.0030876904972144,C,no_rbs
147,148,1.938087121985954e-05,0.0082322740127607,0.0001685321145433,0.0060154218991282,1.409846908595524,0.0030876904972144,C,no_rbs
148,149,3.877524442602587e-05,0.0150855025657171,0.0003371816396135,0.0110231586500287,1.40620089003627,0.005665814944795,C,no_rbs
149,150,3.877524442602587e-05,0.0150855025657171,0.0003371816396135,0.0110231586500287,1.40620089003627,0.005665814944795,C,no_rbs
150,151,0.0,0.0,0.0,0.0,1.4142135623730951,0.0,,no_rbs
151,152,0.0,0.0,0.0,0.0,1.4142135623730951,0.0,,no_rbs
152,153,0.0,0.0,0.0,0.0,1.4142135623730951,0.0,,no_rbs
153,154,0.0041868941066506,0.0890182311444636,0.0364083796418674,0.0650466950223014,1.342626714062078,0.0506195458844929,C,no_rbs
154,155,0.0,0.0,0.0,0.0,1.4142135623730951,0.0,,no_rbs
155,156,1.938087121985954e-05,0.0082322740127607,0.0001685321145433,0.0060154218991282,1.409846908595524,0.0030876904972144,,no_rbs
156,157,0.0,0.0,0.0,0.0,1.4142135623730951,0.0,,no_rbs
157,158,1.938087121985954e-05,0.0082322740127607,0.0001685321145433,0.0060154218991282,1.409846908595524,0.0030876904972144,,no_rbs
158,159,3.877524442602587e-05,0.0164638623176124,0.0003371816396135,0.0120303427432179,1.4054927228813086,0.0061665647422817,,no_rbs
159,160,0.0,0.0,0.0,0.0,1.4142135623730951,0.0,,no_rbs
160,161,1.938087121985954e-05,0.0082322740127607,0.0001685321145433,0.0060154218991282,1.409846908595524,0.0030876904972144,,no_rbs
161,162,1.938087121985954e-05,0.0082322740127607,0.0001685321145433,0.0060154218991282,1.409846908595524,0.0030876904972144,A,no_rbs
162,163,0.0018187360622904,0.0520980626297527,0.0158153589122409,0.0380686826458138,1.3762017537627982,0.0268784076335061,A,no_rbs
163,164,0.0081934180288018,0.3620107287383559,0.0712482968421136,0.2645256051968792,1.1846950289123743,0.1622941114180671,A,no_rbs
164,165,5.818313844491163e-05,0.0233164046894313,0.0005059487389214,0.0170375780932861,1.4018571544158829,0.0087372998576522,A,no_rbs
165,166,9.70395644240285e-05,0.0383977887453686,0.0008438363168104,0.0280577272985511,1.3939099041509702,0.0143568544117586,A,no_rbs
166,167,0.0001749154988875,0.054403904123087,0.0015210296048874,0.0397535888325395,1.3852918192501071,0.0204507606860002,A,no_rbs
167,168,0.0002725677703289,0.0939936142932393,0.0023701938973116,0.0686822674902861,1.364777618849138,0.0349564909001451,A,no_rbs
168,169,0.0,0.0,0.0,0.0,1.4142135623730951,0.0,A,no_rbs
169,170,1.938087121985954e-05,0.0082322740127607,0.0001685321145433,0.0060154218991282,1.409846908595524,0.0030876904972144,A,no_rbs
170,171,7.760457214242567e-05,0.0296480071311352,0.000674833576521,0.0216641563540876,1.3984962678568982,0.0111138055343089,A,no_rbs
171,172,0.0614407761570009,0.4144722914969033,0.5342764939437598,0.3028599017704727,0.838392927363293,0.407166675762575,,no_rbs
172,173,0.0,0.0,0.0,0.0,1.4142135623730951,0.0,,no_rbs
173,174,0.0,0.0,0.0,0.0,1.4142135623730951,0.0,,no_rbs
174,175,0.102571120842472,0.2195862844211162,0.8919376064449863,0.1604543461511931,0.8464717277010847,0.4014541012598703,,no_rbs
175,176,0.0,0.0,0.0,0.0,1.4142135623730951,0.0,,no_rbs
176,177,0.0010958532435086,0.0575254237736596,0.0095293169364036,0.0420345208855186,1.3779441328237896,0.0256463595840816,,no_rbs
177,178,0.0,0.0,0.0,0.0,1.4142135623730951,0.0,D,no_rbs
178,179,1.938087121985954e-05,0.0082322740127607,0.0001685321145433,0.0060154218991282,1.409846908595524,0.0030876904972144,D,no_rbs
179,180,1.938087121985954e-05,0.0082322740127607,0.0001685321145433,0.0060154218991282,1.409846908595524,0.0030876904972144,D,no_rbs
180,181,1.938087121985954e-05,0.0082322740127607,0.0001685321145433,0.0060154218991282,1.409846908595524,0.0030876904972144,,no_rbs
181,182,1.938087121985954e-05,0.0082322740127607,0.0001685321145433,0.0060154218991282,1.409846908595524,0.0030876904972144,D,no_rbs
182,183,1.938087121985954e-05,0.0082322740127607,0.0001685321145433,0.0060154218991282,1.409846908595524,0.0030876904972144,D,no_rbs
183,184,7.760457214242567e-05,0.0274115409024402,0.000674833576521,0.0200299435098723,1.399639989377475,0.0103050722913201,D,no_rbs
184,185,0.0,0.0,0.0,0.0,1.4142135623730951,0.0,,no_rbs
185,186,0.0,0.0,0.0,0.0,1.4142135623730951,0.0,D,no_rbs
186,187,0.0,0.0,0.0,0.0,1.4142135623730951,0.0,,no_rbs
187,188,3.877524442602587e-05,0.0164638623176124,0.0003371816396135,0.0120303427432179,1.4054927228813086,0.0061665647422817,,no_rbs
188,189,0.0,0.0,0.0,0.0,1.4142135623730951,0.0,,no_rbs
189,190,0.0019457295536923,0.3595963250937764,0.0169196684861713,0.2627613713370216,1.2288074437446284,0.1311019237556663,,no_rbs
190,191,0.0,0.0,0.0,0.0,1.4142135623730951,0.0,,no_rbs
191,192,0.0,0.0,0.0,0.0,1.4142135623730951,0.0,,no_rbs
192,193,0.0,0.0,0.0,0.0,1.4142135623730951,0.0,,no_rbs
193,194,1.938087121985954e-05,0.0082322740127607,0.0001685321145433,0.0060154218991282,1.409846908595524,0.0030876904972144,,no_rbs
194,195,0.0,0.0,0.0,0.0,1.4142135623730951,0.0,,no_rbs
195,196,0.0,0.0,0.0,0.0,1.4142135623730951,0.0,,rbs
196,197,0.0029766210112151,0.4649231144585152,0.0258840909432448,0.33972492652571,1.1768028623898514,0.1678747158843966,B,rbs
197,198,0.0001359503005591,0.0469224768238761,0.0011821961647702,0.0342868196819197,1.3893303969532562,0.0175950550057547,B,rbs
198,199,0.0062912983424962,0.8985187080603608,0.0547078508935805,0.656558455763806,1.005748150119887,0.2888286628844021,B,rbs
199,200,1.938087121985954e-05,0.0082322740127607,0.0001685321145433,0.0060154218991282,1.409846908595524,0.0030876904972144,B,rbs
200,201,0.0,0.0,0.0,0.0,1.4142135623730951,0.0,,rbs
201,202,0.095694093111696,0.2625163934154589,0.832136371913636,0.1918238945136786,0.8254252329032321,0.4163362204516393,B,rbs
202,203,7.760457214242567e-05,0.0301682604062307,0.000674833576521,0.0220443116962508,1.398230351742149,0.0113018366222749,B,rbs
203,204,3.877524442602587e-05,0.0150855025657171,0.0003371816396135,0.0110231586500287,1.40620089003627,0.005665814944795,B,rbs
204,205,0.0,0.0,0.0,0.0,1.4142135623730951,0.0,,rbs
205,206,0.0,0.0,0.0,0.0,1.4142135623730951,0.0,A,no_rbs
206,207,0.0,0.0,0.0,0.0,1.4142135623730951,0.0,,no_rbs
207,208,1.938087121985954e-05,0.0082322740127607,0.0001685321145433,0.0060154218991282,1.409846908595524,0.0030876904972144,B,no_rbs
208,209,9.70395644240285e-05,0.0378775354702732,0.0008438363168104,0.0276775719563879,1.3941750046184065,0.0141694000735386,B,no_rbs
209,210,0.0,0.0,0.0,0.0,1.4142135623730951,0.0,,no_rbs
210,211,0.0,0.0,0.0,0.0,1.4142135623730951,0.0,,no_rbs
211,212,0.0003902044565946,0.108890516105828,0.0033931385967173,0.0795676132955526,1.3566211758226934,0.0407239670745059,,no_rbs
212,213,0.0,0.0,0.0,0.0,1.4142135623730951,0.0,,no_rbs
213,214,3.877524442602587e-05,0.0150855025657171,0.0003371816396135,0.0110231586500287,1.40620089003627,0.005665814944795,,no_rbs
214,215,0.0,0.0,0.0,0.0,1.4142135623730951,0.0,,no_rbs
215,216,7.760457214242567e-05,0.0274115409024402,0.000674833576521,0.0200299435098723,1.399639989377475,0.0103050722913201,,no_rbs
216,217,0.0006468021551599,0.1565760474957845,0.005624459997886,0.1144120061510468,1.331558789315706,0.0584457505263149,,no_rbs
217,218,3.877524442602587e-05,0.0164638623176124,0.0003371816396135,0.0120303427432179,1.4054927228813086,0.0061665647422817,,no_rbs
218,219,0.0,0.0,0.0,0.0,1.4142135623730951,0.0,,no_rbs
219,220,0.0001164881342347,0.0438699099759659,0.001012957124532,0.0320562722733898,1.3910032968610673,0.0164121361366951,,no_rbs
220,221,0.001369977517322,0.281108592804445,0.011913045871462,0.2054094388218618,1.2679471553784882,0.1034259682456779,,no_rbs
221,222,0.0422397708655697,0.0773177329982647,0.3673084569338214,0.0564969999234437,1.1360002199915826,0.1967265410145422,,no_rbs
222,223,1.938087121985954e-05,0.0082322740127607,0.0001685321145433,0.0060154218991282,1.409846908595524,0.0030876904972144,,no_rbs
223,224,0.0,0.0,0.0,0.0,1.4142135623730951,0.0,,no_rbs
224,225,0.0001359503005591,0.0440680940188614,0.0011821961647702,0.0322010877435555,1.3907809819748718,0.0165693365002826,,no_rbs
225,226,0.0,0.0,0.0,0.0,1.4142135623730951,0.0,,no_rbs
226,227,0.0,0.0,0.0,0.0,1.4142135623730951,0.0,,no_rbs
227,228,3.877524442602587e-05,0.0150855025657171,0.0003371816396135,0.0110231586500287,1.40620089003627,0.005665814944795,B,no_rbs
228,229,0.0,0.0,0.0,0.0,1.4142135623730951,0.0,B,no_rbs
229,230,0.0001164881342347,0.041382218401578,0.001012957124532,0.0302384860393974,1.3922688338795175,0.0155172663291062,B,no_rbs
230,231,0.0,0.0,0.0,0.0,1.4142135623730951,0.0,,no_rbs
231,232,0.0,0.0,0.0,0.0,1.4142135623730951,0.0,,no_rbs
232,233,3.877524442602587e-05,0.0150855025657171,0.0003371816396135,0.0110231586500287,1.40620089003627,0.005665814944795,C,no_rbs
233,234,0.0,0.0,0.0,0.0,1.4142135623730951,0.0,C,no_rbs
234,235,0.105060527675254,0.2246318193126496,0.9135849819797576,0.1641411793436134,0.8403139433619582,0.4058083123231509,C,no_rbs
235,236,0.0,0.0,0.0,0.0,1.4142135623730951,0.0,C,no_rbs
236,237,0.0,0.0,0.0,0.0,1.4142135623730951,0.0,C,no_rbs
237,238,1.938087121985954e-05,0.0082322740127607,0.0001685321145433,0.0060154218991282,1.409846908595524,0.0030876904972144,C,no_rbs
238,239,0.0,0.0,0.0,0.0,1.4142135623730951,0.0,C,no_rbs
239,240,0.0,0.0,0.0,0.0,1.4142135623730951,0.0,C,rbs
240,241,1.938087121985954e-05,0.0082322740127607,0.0001685321145433,0.0060154218991282,1.409846908595524,0.0030876904972144,C,rbs
241,242,0.0,0.0,0.0,0.0,1.4142135623730951,0.0,C,rbs
242,243,0.0,0.0,0.0,0.0,1.4142135623730951,0.0,B,rbs
243,244,0.0,0.0,0.0,0.0,1.4142135623730951,0.0,,rbs
244,245,0.0,0.0,0.0,0.0,1.4142135623730951,0.0,,rbs
245,246,3.877524442602587e-05,0.0150855025657171,0.0003371816396135,0.0110231586500287,1.40620089003627,0.005665814944795,,no_rbs
246,247,9.70395644240285e-05,0.036499175718378,0.0008438363168104,0.0266703878631987,1.3948776194664838,0.0136725763499008,,no_rbs
247,248,0.0001164881342347,0.0447280164527657,0.001012957124532,0.0326833010244158,1.3905670454710528,0.0167206124528764,,no_rbs
248,249,0.0,0.0,0.0,0.0,1.4142135623730951,0.0,,no_rbs
249,250,0.0,0.0,0.0,0.0,1.4142135623730951,0.0,,no_rbs
250,251,7.760457214242567e-05,0.0296480071311352,0.000674833576521,0.0216641563540876,1.3984962678568982,0.0111138055343089,,no_rbs
251,252,0.0001554260824219,0.0545608623731543,0.0013515536029625,0.0398682801187187,1.38533448632935,0.0204205905049341,,no_rbs
252,253,0.0,0.0,0.0,0.0,1.4142135623730951,0.0,,no_rbs
253,254,3.877524442602587e-05,0.0164638623176124,0.0003371816396135,0.0120303427432179,1.4054927228813086,0.0061665647422817,D,no_rbs
254,255,0.0002139353120859,0.0706999321047216,0.0018603379648068,0.051661293002442,1.3768184659269826,0.026442326280171,D,no_rbs
255,256,3.877524442602587e-05,0.0150855025657171,0.0003371816396135,0.0110231586500287,1.40620089003627,0.005665814944795,D,no_rbs
256,257,9.70395644240285e-05,0.0356410692415781,0.0008438363168104,0.0260433591121727,1.3953152252289118,0.0133631423478016,,no_rbs
257,258,0.0001164881342347,0.0447280164527657,0.001012957124532,0.0326833010244158,1.3905670454710528,0.0167206124528764,,no_rbs
258,259,0.0,0.0,0.0,0.0,1.4142135623730951,0.0,,no_rbs
259,260,1.938087121985954e-05,0.0082322740127607,0.0001685321145433,0.0060154218991282,1.409846908595524,0.0030876904972144,,no_rbs
260,261,0.0,0.0,0.0,0.0,1.4142135623730951,0.0,,no_rbs
261,262,1.938087121985954e-05,0.0082322740127607,0.0001685321145433,0.0060154218991282,1.409846908595524,0.0030876904972144,,no_rbs
262,263,0.0,0.0,0.0,0.0,1.4142135623730951,0.0,,no_rbs
263,264,0.0,0.0,0.0,0.0,1.4142135623730951,0.0,,no_rbs
264,265,0.0,0.0,0.0,0.0,1.4142135623730951,0.0,,no_rbs
265,266,0.0,0.0,0.0,0.0,1.4142135623730951,0.0,,no_rbs
266,267,1.938087121985954e-05,0.0082322740127607,0.0001685321145433,0.0060154218991282,1.409846908595524,0.0030876904972144,,no_rbs
267,268,1.938087121985954e-05,0.0082322740127607,0.0001685321145433,0.0060154218991282,1.409846908595524,0.0030876904972144,,no_rbs
268,269,1.938087121985954e-05,0.0082322740127607,0.0001685321145433,0.0060154218991282,1.409846908595524,0.0030876904972144,,no_rbs
269,270,0.0,0.0,0.0,0.0,1.4142135623730951,0.0,,no_rbs
270,271,0.0,0.0,0.0,0.0,1.4142135623730951,0.0,,no_rbs
271,272,3.877524442602587e-05,0.0150855025657171,0.0003371816396135,0.0110231586500287,1.40620089003627,0.005665814944795,,no_rbs
272,273,0.0,0.0,0.0,0.0,1.4142135623730951,0.0,,no_rbs
273,274,0.0,0.0,0.0,0.0,1.4142135623730951,0.0,,no_rbs
274,275,0.0,0.0,0.0,0.0,1.4142135623730951,0.0,,no_rbs
275,276,5.818313844491163e-05,0.0214177916624406,0.0005059487389214,0.0156502386579337,1.4028302859435515,0.0080491919554512,,no_rbs
276,277,5.818313844491163e-05,0.0233164046894313,0.0005059487389214,0.0170375780932861,1.4018571544158829,0.0087372998576522,D,no_rbs
277,278,0.0,0.0,0.0,0.0,1.4142135623730951,0.0,D,no_rbs
278,279,0.0002139353120859,0.0725985451317123,0.0018603379648068,0.0530486324377944,1.3758632480939597,0.0271177672874119,D,no_rbs
279,280,0.0,0.0,0.0,0.0,1.4142135623730951,0.0,,no_rbs
280,281,0.0,0.0,0.0,0.0,1.4142135623730951,0.0,,no_rbs
281,282,3.877524442602587e-05,0.0150855025657171,0.0003371816396135,0.0110231586500287,1.40620089003627,0.005665814944795,,no_rbs
282,283,0.0,0.0,0.0,0.0,1.4142135623730951,0.0,,no_rbs
283,284,0.0,0.0,0.0,0.0,1.4142135623730951,0.0,,no_rbs
284,285,0.0,0.0,0.0,0.0,1.4142135623730951,0.0,,no_rbs
285,286,0.0001554260824219,0.0551499409205515,0.0013515536029625,0.0402987269173587,1.3850361919631051,0.0206315164740956,,no_rbs
286,287,0.0,0.0,0.0,0.0,1.4142135623730951,0.0,,no_rbs
287,288,0.0,0.0,0.0,0.0,1.4142135623730951,0.0,,no_rbs
288,289,7.760457214242567e-05,0.0274115409024402,0.000674833576521,0.0200299435098723,1.399639989377475,0.0103050722913201,,no_rbs
289,290,3.877524442602587e-05,0.0150855025657171,0.0003371816396135,0.0110231586500287,1.40620089003627,0.005665814944795,,no_rbs
290,291,0.0,0.0,0.0,0.0,1.4142135623730951,0.0,,no_rbs
291,292,0.0039428355157248,0.0082322740127607,0.0342860957705912,0.0060154218991282,1.385860269408275,0.0200488057243932,,no_rbs
292,293,0.029549233461747,0.062629989673366,0.2569541246081562,0.0457644887475019,1.2094141490292514,0.1448150539584586,,no_rbs
293,294,0.0,0.0,0.0,0.0,1.4142135623730951,0.0,,no_rbs
294,295,0.0,0.0,0.0,0.0,1.4142135623730951,0.0,,no_rbs
295,296,0.0,0.0,0.0,0.0,1.4142135623730951,0.0,,no_rbs
296,297,3.877524442602587e-05,0.0164638623176124,0.0003371816396135,0.0120303427432179,1.4054927228813086,0.0061665647422817,,no_rbs
297,298,0.0,0.0,0.0,0.0,1.4142135623730951,0.0,,no_rbs
298,299,0.000292139397019,0.0830236390053871,0.0025403847826291,0.0606663742538422,1.370136250322211,0.0311673662476557,,no_rbs
299,300,1.938087121985954e-05,0.0082322740127607,0.0001685321145433,0.0060154218991282,1.409846908595524,0.0030876904972144,,no_rbs
300,301,0.0,0.0,0.0,0.0,1.4142135623730951,0.0,,no_rbs
301,302,0.0,0.0,0.0,0.0,1.4142135623730951,0.0,,no_rbs
302,303,1.938087121985954e-05,0.0082322740127607,0.0001685321145433,0.0060154218991282,1.409846908595524,0.0030876904972144,,no_rbs
303,304,0.0,0.0,0.0,0.0,1.4142135623730951,0.0,,no_rbs
304,305,1.938087121985954e-05,0.0082322740127607,0.0001685321145433,0.0060154218991282,1.409846908595524,0.0030876904972144,,no_rbs
305,306,0.0,0.0,0.0,0.0,1.4142135623730951,0.0,,no_rbs
306,307,0.0,0.0,0.0,0.0,1.4142135623730951,0.0,,no_rbs
307,308,0.0,0.0,0.0,0.0,1.4142135623730951,0.0,,no_rbs
308,309,0.0,0.0,0.0,0.0,1.4142135623730951,0.0,,no_rbs
309,310,0.0,0.0,0.0,0.0,1.4142135623730951,0.0,,no_rbs
310,311,3.877524442602587e-05,0.0164638623176124,0.0003371816396135,0.0120303427432179,1.4054927228813086,0.0061665647422817,,no_rbs
311,312,0.0,0.0,0.0,0.0,1.4142135623730951,0.0,,no_rbs
312,313,0.0,0.0,0.0,0.0,1.4142135623730951,0.0,,no_rbs
313,314,1.938087121985954e-05,0.0082322740127607,0.0001685321145433,0.0060154218991282,1.409846908595524,0.0030876904972144,,no_rbs
314,315,0.0,0.0,0.0,0.0,1.4142135623730951,0.0,,no_rbs
315,316,0.0,0.0,0.0,0.0,1.4142135623730951,0.0,,no_rbs
316,317,1.938087121985954e-05,0.0082322740127607,0.0001685321145433,0.0060154218991282,1.409846908595524,0.0030876904972144,,no_rbs
317,318,9.70395644240285e-05,0.0331533776671903,0.0008438363168104,0.0242255728781803,1.3965846813032945,0.0124655013491873,,no_rbs
318,319,0.0,0.0,0.0,0.0,1.4142135623730951,0.0,,no_rbs
319,320,1.938087121985954e-05,0.0082322740127607,0.0001685321145433,0.0060154218991282,1.409846908595524,0.0030876904972144,,no_rbs
320,321,0.0,0.0,0.0,0.0,1.4142135623730951,0.0,,no_rbs
321,322,0.0,0.0,0.0,0.0,1.4142135623730951,0.0,,no_rbs
322,323,1.938087121985954e-05,0.0082322740127607,0.0001685321145433,0.0060154218991282,1.409846908595524,0.0030876904972144,,no_rbs
323,324,0.0,0.0,0.0,0.0,1.4142135623730951,0.0,,no_rbs
324,325,0.0,0.0,0.0,0.0,1.4142135623730951,0.0,,no_rbs
325,326,1.938087121985954e-05,0.0082322740127607,0.0001685321145433,0.0060154218991282,1.409846908595524,0.0030876904972144,,no_rbs
326,327,0.0,0.0,0.0,0.0,1.4142135623730951,0.0,,no_rbs
327,328,1.938087121985954e-05,0.0082322740127607,0.0001685321145433,0.0060154218991282,1.409846908595524,0.0030876904972144,,no_rbs
328,329,0.0,0.0,0.0,0.0,1.4142135623730951,0.0,,no_rbs
329,330,0.0002530098934745,0.0854214029361102,0.0022001225777686,0.0624184492741165,1.3691836106400677,0.0318409842269266,,no_rbs
330,331,1.938087121985954e-05,0.0082322740127607,0.0001685321145433,0.0060154218991282,1.409846908595524,0.0030876904972144,,no_rbs
331,332,7.760457214242567e-05,0.0296480071311352,0.000674833576521,0.0216641563540876,1.3984962678568982,0.0111138055343089,,no_rbs
332,333,3.877524442602587e-05,0.0164638623176124,0.0003371816396135,0.0120303427432179,1.4054927228813086,0.0061665647422817,,no_rbs
333,334,5.818313844491163e-05,0.0233164046894313,0.0005059487389214,0.0170375780932861,1.4018571544158829,0.0087372998576522,,no_rbs
334,335,1.938087121985954e-05,0.0082322740127607,0.0001685321145433,0.0060154218991282,1.409846908595524,0.0030876904972144,,no_rbs
335,336,1.938087121985954e-05,0.0082322740127607,0.0001685321145433,0.0060154218991282,1.409846908595524,0.0030876904972144,,no_rbs
336,337,5.818313844491163e-05,0.0214177916624406,0.0005059487389214,0.0156502386579337,1.4028302859435515,0.0080491919554512,,no_rbs
337,338,1.938087121985954e-05,0.0082322740127607,0.0001685321145433,0.0060154218991282,1.409846908595524,0.0030876904972144,,no_rbs
338,339,7.760457214242567e-05,0.0296480071311352,0.000674833576521,0.0216641563540876,1.3984962678568982,0.0111138055343089,,no_rbs
339,340,5.818313844491163e-05,0.0233164046894313,0.0005059487389214,0.0170375780932861,1.4018571544158829,0.0087372998576522,,no_rbs
340,341,1.938087121985954e-05,0.0082322740127607,0.0001685321145433,0.0060154218991282,1.409846908595524,0.0030876904972144,,no_rbs
341,342,0.0039802388711041,0.0246947644413265,0.0346113477420629,0.0180447621864754,1.3770298976339663,0.0262928214864051,,no_rbs
342,343,1.938087121985954e-05,0.0082322740127607,0.0001685321145433,0.0060154218991282,1.409846908595524,0.0030876904972144,,no_rbs
343,344,0.0,0.0,0.0,0.0,1.4142135623730951,0.0,,no_rbs
344,345,0.0002530098934745,0.0738124495198496,0.0022001225777686,0.0539356470134183,1.3750063110312405,0.0277237132955109,,no_rbs
345,346,0.0,0.0,0.0,0.0,1.4142135623730951,0.0,,no_rbs
