Model,Chain,Residue Index,Sequence,Binding site probability
0,A,1,D,0.093
0,A,2,R,0.054
0,A,3,I,0.002
0,A,4,C,0.012
0,A,5,T,0.005
0,A,6,G,0.006
0,A,7,I,0.035
0,A,8,T,0.068
0,A,9,S,0.056
0,A,10,S,0.085
0,A,11,N,0.041
0,A,12,S,0.041
0,A,13,P,0.040
0,A,14,H,0.017
0,A,15,V,0.027
0,A,16,V,0.005
0,A,17,K,0.043
0,A,18,T,0.015
0,A,19,A,0.037
0,A,20,T,0.032
0,A,21,Q,0.048
0,A,22,G,0.080
0,A,23,E,0.044
0,A,24,V,0.011
0,A,25,N,0.032
0,A,26,V,0.006
0,A,27,T,0.066
0,A,28,G,0.067
0,A,29,V,0.023
0,A,30,I,0.156
0,A,31,P,0.051
0,A,32,L,0.011
0,A,33,T,0.025
0,A,34,T,0.054
0,A,35,T,0.055
0,A,36,P,0.053
0,A,37,T,0.062
0,A,38,K,0.063
0,A,39,S,0.085
0,A,40,H,0.093
0,A,41,F,0.069
0,A,42,A,0.052
0,A,43,N,0.075
0,A,44,L,0.039
0,A,45,K,0.113
0,A,46,G,0.103
0,A,47,T,0.078
0,A,48,K,0.078
0,A,49,T,0.026
0,A,50,R,0.016
0,A,51,G,0.012
0,A,52,K,0.101
0,A,53,L,0.013
0,A,54,C,0.015
0,A,55,P,0.080
0,A,56,T,0.103
0,A,57,C,0.073
0,A,58,L,0.207
0,A,59,N,0.277
0,A,60,C,0.148
0,A,61,T,0.142
0,A,62,D,0.042
0,A,63,L,0.021
0,A,64,D,0.005
0,A,65,V,0.018
0,A,66,A,0.002
0,A,67,L,0.002
0,A,68,G,0.004
0,A,69,R,0.028
0,A,70,P,0.039
0,A,71,M,0.197
0,A,72,C,0.032
0,A,73,V,0.078
0,A,74,G,0.098
0,A,75,V,0.109
0,A,76,T,0.025
0,A,77,P,0.041
0,A,78,S,0.060
0,A,79,A,0.010
0,A,80,K,0.090
0,A,81,A,0.008
0,A,82,S,0.002
0,A,83,I,0.011
0,A,84,L,0.012
0,A,85,H,0.062
0,A,86,E,0.074
0,A,87,V,0.060
0,A,88,R,0.099
0,A,89,P,0.039
0,A,90,V,0.112
0,A,91,T,0.057
0,A,92,S,0.239
0,A,93,G,0.171
0,A,94,C,0.012
0,A,95,F,0.120
0,A,96,P,0.043
0,A,97,I,0.004
0,A,98,M,0.003
0,A,99,H,0.021
0,A,100,D,0.015
0,A,101,R,0.007
0,A,102,T,0.007
0,A,103,K,0.016
0,A,104,I,0.003
0,A,105,R,0.026
0,A,106,Q,0.016
0,A,107,L,0.002
0,A,108,P,0.007
0,A,109,N,0.007
0,A,110,L,0.008
0,A,111,L,0.001
0,A,112,R,0.008
0,A,113,G,0.006
0,A,114,Y,0.096
0,A,115,E,0.060
0,A,116,K,0.184
0,A,117,I,0.022
0,A,118,R,0.138
0,A,119,L,0.065
0,A,120,S,0.095
0,A,121,T,0.183
0,A,122,Q,0.202
0,A,123,N,0.147
0,A,124,V,0.029
0,A,125,I,0.021
0,A,126,N,0.085
0,A,127,A,0.024
0,A,128,E,0.082
0,A,129,K,0.121
0,A,130,A,0.020
0,A,131,P,0.091
0,A,132,G,0.126
0,A,133,G,0.222
0,A,134,P,0.231
0,A,135,Y,0.103
0,A,136,R,0.220
0,A,137,L,0.051
0,A,138,G,0.047
0,A,139,T,0.153
0,A,140,S,0.205
0,A,141,G,0.282
0,A,142,S,0.164
0,A,143,C,0.010
0,A,144,P,0.182
0,A,145,N,0.092
0,A,146,A,0.108
0,A,147,T,0.084
0,A,148,S,0.096
0,A,149,R,0.309
0,A,150,S,0.157
0,A,151,G,0.028
0,A,152,F,0.038
0,A,153,F,0.007
0,A,154,A,0.040
0,A,155,T,0.004
0,A,156,M,0.001
0,A,157,A,0.006
0,A,158,W,0.017
0,A,159,A,0.021
0,A,160,V,0.063
0,A,161,P,0.098
0,A,162,K,0.273
0,A,163,D,0.382
0,A,163,N,0.379
0,A,163,N,0.308
0,A,164,K,0.293
0,A,165,T,0.330
0,A,166,A,0.189
0,A,167,T,0.141
0,A,168,N,0.182
0,A,169,P,0.049
0,A,170,L,0.051
0,A,171,T,0.021
0,A,172,V,0.009
0,A,173,E,0.015
0,A,174,V,0.000
0,A,175,P,0.018
0,A,176,H,0.057
0,A,177,I,0.132
0,A,178,C,0.195
0,A,179,T,0.313
0,A,180,K,0.252
0,A,181,E,0.326
0,A,182,E,0.208
0,A,183,D,0.165
0,A,184,Q,0.040
0,A,185,I,0.002
0,A,186,T,0.002
0,A,187,V,0.000
0,A,188,W,0.000
0,A,189,G,0.000
0,A,190,F,0.001
0,A,191,H,0.004
0,A,192,S,0.010
0,A,193,D,0.116
0,A,194,D,0.164
0,A,195,K,0.137
0,A,196,T,0.157
0,A,197,Q,0.227
0,A,198,M,0.076
0,A,199,K,0.170
0,A,200,N,0.170
0,A,201,L,0.129
0,A,202,Y,0.080
0,A,203,G,0.212
0,A,204,D,0.182
0,A,205,S,0.151
0,A,206,N,0.160
0,A,207,P,0.075
0,A,208,Q,0.047
0,A,209,K,0.013
0,A,210,F,0.002
0,A,211,T,0.002
0,A,212,S,0.001
0,A,213,S,0.003
0,A,214,A,0.001
0,A,215,N,0.013
0,A,216,G,0.011
0,A,217,V,0.011
0,A,218,T,0.008
0,A,219,T,0.010
0,A,220,H,0.003
0,A,221,Y,0.003
0,A,222,V,0.012
0,A,223,S,0.015
0,A,224,Q,0.056
0,A,225,I,0.104
0,A,226,G,0.129
0,A,227,G,0.126
0,A,228,F,0.056
0,A,229,P,0.039
0,A,230,D,0.122
0,A,231,Q,0.165
0,A,232,T,0.079
0,A,233,E,0.085
0,A,234,D,0.125
0,A,235,G,0.308
0,A,236,G,0.386
0,A,237,L,0.414
0,A,238,P,0.369
0,A,239,Q,0.392
0,A,240,S,0.283
0,A,241,G,0.010
0,A,242,R,0.023
0,A,243,I,0.001
0,A,244,V,0.002
0,A,245,V,0.000
0,A,246,D,0.007
0,A,247,Y,0.008
0,A,248,M,0.002
0,A,249,V,0.023
0,A,250,Q,0.004
0,A,251,K,0.139
0,A,252,P,0.214
0,A,253,G,0.051
0,A,254,K,0.035
0,A,255,T,0.011
0,A,256,G,0.001
0,A,257,T,0.004
0,A,258,I,0.000
0,A,259,V,0.005
0,A,260,Y,0.004
0,A,261,Q,0.056
0,A,262,R,0.057
0,A,263,G,0.001
0,A,264,I,0.001
0,A,265,L,0.000
0,A,266,L,0.004
0,A,267,P,0.001
0,A,268,Q,0.026
0,A,269,K,0.059
0,A,270,V,0.008
0,A,271,W,0.058
0,A,272,C,0.110
0,A,273,A,0.008
0,A,274,S,0.152
0,A,275,G,0.172
0,A,276,R,0.132
0,A,277,S,0.018
0,A,278,K,0.050
0,A,279,V,0.005
0,A,280,I,0.007
0,A,281,K,0.025
0,A,282,G,0.042
0,A,283,S,0.088
0,A,284,L,0.089
0,A,285,P,0.154
0,A,286,L,0.092
0,A,287,I,0.112
0,A,288,G,0.112
0,A,289,E,0.109
0,A,290,A,0.070
0,A,291,D,0.092
0,A,292,C,0.022
0,A,293,L,0.038
0,A,294,H,0.048
0,A,295,E,0.024
0,A,296,K,0.049
0,A,297,Y,0.056
0,A,298,G,0.054
0,A,299,G,0.083
0,A,300,L,0.055
0,A,301,N,0.096
0,A,302,K,0.077
0,A,303,S,0.093
0,A,304,K,0.102
0,A,305,P,0.050
0,A,306,Y,0.034
0,A,307,Y,0.033
0,A,308,T,0.033
0,A,309,G,0.046
0,A,310,E,0.058
0,A,311,H,0.027
0,A,312,A,0.027
0,A,313,K,0.012
0,A,314,A,0.008
0,A,315,I,0.015
0,A,316,G,0.054
0,A,317,N,0.059
0,A,318,C,0.027
0,A,319,P,0.033
0,A,320,I,0.013
0,A,321,W,0.026
0,A,322,V,0.006
0,A,323,K,0.045
0,A,324,T,0.027
0,A,325,P,0.033
0,A,326,L,0.014
0,A,327,K,0.020
0,A,328,L,0.004
0,A,329,A,0.003
0,A,330,N,0.137
0,A,331,G,0.066
0,A,332,T,0.028
0,A,333,K,0.022
0,A,334,Y,0.058
0,A,335,R,0.031
0,A,336,P,0.073
0,A,337,P,0.058
0,A,338,A,0.037
0,A,339,K,0.049
0,A,340,L,0.048
0,A,341,L,0.076
0,B,2,F,0.017
0,B,3,F,0.016
0,B,4,G,0.017
0,B,5,A,0.019
0,B,6,I,0.006
0,B,7,A,0.008
0,B,8,G,0.026
0,B,9,F,0.034
0,B,10,L,0.044
0,B,11,E,0.066
0,B,12,G,0.046
0,B,13,G,0.020
0,B,14,W,0.028
0,B,15,E,0.108
0,B,16,G,0.073
0,B,17,M,0.114
0,B,18,I,0.215
0,B,19,A,0.282
0,B,20,G,0.226
0,B,21,W,0.186
0,B,22,H,0.036
0,B,23,G,0.013
0,B,24,Y,0.016
0,B,25,T,0.006
0,B,26,S,0.014
0,B,27,H,0.028
0,B,28,G,0.111
0,B,29,A,0.164
0,B,30,H,0.143
0,B,31,G,0.097
0,B,32,V,0.107
0,B,33,A,0.061
0,B,34,V,0.045
0,B,35,A,0.065
0,B,36,A,0.114
0,B,37,D,0.033
0,B,38,L,0.358
0,B,39,K,0.087
0,B,40,S,0.008
0,B,41,T,0.130
0,B,42,Q,0.381
0,B,43,E,0.055
0,B,44,A,0.010
0,B,45,I,0.361
0,B,46,N,0.204
0,B,47,K,0.010
0,B,48,I,0.041
0,B,49,T,0.350
0,B,50,K,0.110
0,B,51,N,0.010
0,B,52,L,0.152
0,B,53,N,0.166
0,B,54,S,0.024
0,B,55,L,0.014
0,B,56,S,0.107
0,B,57,E,0.091
0,B,58,L,0.014
0,B,59,E,0.073
0,B,60,V,0.015
0,B,61,K,0.050
0,B,62,N,0.034
0,B,63,L,0.011
0,B,64,Q,0.027
0,B,65,R,0.051
0,B,66,L,0.048
0,B,67,S,0.021
0,B,68,G,0.025
0,B,69,A,0.031
0,B,70,M,0.023
0,B,71,D,0.076
0,B,72,E,0.082
0,B,73,L,0.059
0,B,74,H,0.056
0,B,75,N,0.163
0,B,76,E,0.075
0,B,77,I,0.009
0,B,78,L,0.063
0,B,79,E,0.099
0,B,80,L,0.005
0,B,81,D,0.023
0,B,82,E,0.090
0,B,83,K,0.049
0,B,84,V,0.004
0,B,85,D,0.009
0,B,86,D,0.076
0,B,87,L,0.005
0,B,88,R,0.006
0,B,89,A,0.013
0,B,90,D,0.037
0,B,91,T,0.001
0,B,92,I,0.003
0,B,93,S,0.016
0,B,94,S,0.006
0,B,95,Q,0.002
0,B,96,I,0.003
0,B,97,E,0.031
0,B,98,L,0.010
0,B,99,A,0.010
0,B,100,V,0.006
0,B,101,L,0.016
0,B,102,L,0.043
0,B,103,S,0.013
0,B,104,N,0.003
0,B,105,E,0.022
0,B,106,G,0.027
0,B,107,I,0.002
0,B,108,I,0.005
0,B,109,N,0.020
0,B,110,S,0.007
0,B,111,E,0.003
0,B,112,D,0.007
0,B,113,E,0.008
0,B,114,H,0.007
0,B,115,L,0.005
0,B,116,L,0.015
0,B,117,A,0.003
0,B,118,L,0.002
0,B,119,E,0.014
0,B,120,R,0.009
0,B,121,K,0.005
0,B,122,L,0.001
0,B,123,K,0.015
0,B,124,K,0.012
0,B,125,M,0.006
0,B,126,L,0.002
0,B,127,G,0.007
0,B,128,P,0.044
0,B,129,S,0.034
0,B,130,A,0.010
0,B,131,V,0.026
0,B,132,D,0.034
0,B,133,I,0.013
0,B,134,G,0.019
0,B,135,N,0.024
0,B,136,G,0.009
0,B,137,C,0.012
0,B,138,F,0.001
0,B,139,E,0.034
0,B,140,T,0.023
0,B,141,K,0.124
0,B,142,H,0.051
0,B,143,K,0.179
0,B,144,C,0.029
0,B,145,N,0.183
0,B,146,Q,0.112
0,B,147,T,0.158
0,B,148,C,0.026
0,B,149,L,0.008
0,B,150,D,0.103
0,B,151,R,0.030
0,B,152,I,0.002
0,B,153,A,0.034
0,B,154,A,0.056
0,B,155,G,0.008
0,B,156,T,0.026
0,B,157,F,0.013
0,B,158,N,0.035
0,B,159,A,0.006
0,B,160,G,0.058
0,B,161,E,0.061
0,B,162,F,0.057
0,B,163,S,0.106
0,B,164,L,0.040
0,B,165,P,0.045
0,B,166,T,0.052
0,B,167,F,0.024
0,B,168,D,0.076
0,B,169,S,0.027
0,B,170,L,0.028
0,B,171,N,0.048
0,B,172,I,0.026
0,C,1,D,0.070
0,C,2,R,0.046
0,C,3,I,0.002
0,C,4,C,0.007
0,C,5,T,0.003
0,C,6,G,0.003
0,C,7,I,0.026
0,C,8,T,0.055
0,C,9,S,0.040
0,C,10,S,0.075
0,C,11,N,0.053
0,C,12,S,0.029
0,C,13,P,0.030
0,C,14,H,0.014
0,C,15,V,0.020
0,C,16,V,0.005
0,C,17,K,0.038
0,C,18,T,0.015
0,C,19,A,0.030
0,C,20,T,0.028
0,C,21,Q,0.046
0,C,22,G,0.075
0,C,23,E,0.039
0,C,24,V,0.010
0,C,25,N,0.024
0,C,26,V,0.006
0,C,27,T,0.063
0,C,28,G,0.069
0,C,29,V,0.023
0,C,30,I,0.163
0,C,31,P,0.053
0,C,32,L,0.012
0,C,33,T,0.024
0,C,34,T,0.062
0,C,35,T,0.061
0,C,36,P,0.052
0,C,37,T,0.073
0,C,38,K,0.062
0,C,39,S,0.078
0,C,40,H,0.083
0,C,41,F,0.051
0,C,42,A,0.039
0,C,43,N,0.067
0,C,44,L,0.042
0,C,45,K,0.103
0,C,46,G,0.091
0,C,47,T,0.072
0,C,48,K,0.075
0,C,49,T,0.021
0,C,50,R,0.022
0,C,51,G,0.016
0,C,52,K,0.111
0,C,53,L,0.019
0,C,54,C,0.012
0,C,55,P,0.117
0,C,56,T,0.127
0,C,57,C,0.077
0,C,58,L,0.257
0,C,59,N,0.336
0,C,60,C,0.184
0,C,61,T,0.197
0,C,62,D,0.065
0,C,63,L,0.029
0,C,64,D,0.007
0,C,65,V,0.020
0,C,66,A,0.003
0,C,67,L,0.001
0,C,68,G,0.006
0,C,69,R,0.039
0,C,70,P,0.050
0,C,71,M,0.210
0,C,72,C,0.029
0,C,73,V,0.081
0,C,74,G,0.110
0,C,75,V,0.127
0,C,76,T,0.030
0,C,77,P,0.047
0,C,78,S,0.071
0,C,79,A,0.015
0,C,80,K,0.088
0,C,81,A,0.011
0,C,82,S,0.003
0,C,83,I,0.012
0,C,84,L,0.013
0,C,85,H,0.089
0,C,86,E,0.087
0,C,87,V,0.060
0,C,88,R,0.095
0,C,89,P,0.041
0,C,90,V,0.109
0,C,91,T,0.060
0,C,92,S,0.254
0,C,93,G,0.169
0,C,94,C,0.016
0,C,95,F,0.064
0,C,96,P,0.047
0,C,97,I,0.004
0,C,98,M,0.005
0,C,99,H,0.019
0,C,100,D,0.011
0,C,101,R,0.008
0,C,102,T,0.004
0,C,103,K,0.014
0,C,104,I,0.002
0,C,105,R,0.022
0,C,106,Q,0.016
0,C,107,L,0.002
0,C,108,P,0.007
0,C,109,N,0.010
0,C,110,L,0.010
0,C,111,L,0.001
0,C,112,R,0.009
0,C,113,G,0.007
0,C,114,Y,0.093
0,C,115,E,0.068
0,C,116,K,0.209
0,C,117,I,0.023
0,C,118,R,0.145
0,C,119,L,0.064
0,C,120,S,0.102
0,C,121,T,0.176
0,C,122,Q,0.192
0,C,123,N,0.127
0,C,124,V,0.032
0,C,125,I,0.020
0,C,126,N,0.087
0,C,127,A,0.019
0,C,128,E,0.083
0,C,129,K,0.122
0,C,130,A,0.024
0,C,131,P,0.106
0,C,132,G,0.140
0,C,133,G,0.218
0,C,134,P,0.224
0,C,135,Y,0.083
0,C,136,R,0.205
0,C,137,L,0.064
0,C,138,G,0.052
0,C,139,T,0.169
0,C,140,S,0.188
0,C,141,G,0.243
0,C,142,S,0.146
0,C,143,C,0.013
0,C,144,P,0.171
0,C,145,N,0.109
0,C,146,A,0.112
0,C,147,T,0.092
0,C,148,S,0.095
0,C,149,R,0.267
0,C,150,S,0.164
0,C,151,G,0.052
0,C,152,F,0.042
0,C,153,F,0.011
0,C,154,A,0.060
0,C,155,T,0.006
0,C,156,M,0.001
0,C,157,A,0.006
0,C,158,W,0.021
0,C,159,A,0.018
0,C,160,V,0.055
0,C,161,P,0.086
0,C,162,K,0.264
0,C,163,D,0.375
0,C,163,N,0.355
0,C,163,N,0.305
0,C,164,K,0.295
0,C,165,T,0.357
0,C,166,A,0.207
0,C,167,T,0.138
0,C,168,N,0.189
0,C,169,P,0.054
0,C,170,L,0.058
0,C,171,T,0.021
0,C,172,V,0.010
0,C,173,E,0.017
0,C,174,V,0.000
0,C,175,P,0.022
0,C,176,H,0.050
0,C,177,I,0.131
0,C,178,C,0.190
0,C,179,T,0.302
0,C,180,K,0.219
0,C,181,E,0.303
0,C,182,E,0.181
0,C,183,D,0.149
0,C,184,Q,0.034
0,C,185,I,0.002
0,C,186,T,0.002
0,C,187,V,0.000
0,C,188,W,0.000
0,C,189,G,0.000
0,C,190,F,0.001
0,C,191,H,0.004
0,C,192,S,0.014
0,C,193,D,0.146
0,C,194,D,0.171
0,C,195,K,0.145
0,C,196,T,0.166
0,C,197,Q,0.195
0,C,198,M,0.098
0,C,199,K,0.177
0,C,200,N,0.164
0,C,201,L,0.124
0,C,202,Y,0.088
0,C,203,G,0.222
0,C,204,D,0.191
0,C,205,S,0.153
0,C,206,N,0.178
0,C,207,P,0.074
0,C,208,Q,0.049
0,C,209,K,0.012
0,C,210,F,0.002
0,C,211,T,0.002
0,C,212,S,0.001
0,C,213,S,0.003
0,C,214,A,0.002
0,C,215,N,0.013
0,C,216,G,0.015
0,C,217,V,0.018
0,C,218,T,0.010
0,C,219,T,0.009
0,C,220,H,0.003
0,C,221,Y,0.002
0,C,222,V,0.011
0,C,223,S,0.015
0,C,224,Q,0.059
0,C,225,I,0.126
0,C,226,G,0.128
0,C,227,G,0.132
0,C,228,F,0.067
0,C,229,P,0.038
0,C,230,D,0.123
0,C,231,Q,0.157
0,C,232,T,0.077
0,C,233,E,0.073
0,C,234,D,0.117
0,C,235,G,0.343
0,C,236,G,0.384
0,C,237,L,0.363
0,C,238,P,0.363
0,C,239,Q,0.372
0,C,240,S,0.267
0,C,241,G,0.014
0,C,242,R,0.021
0,C,243,I,0.000
0,C,244,V,0.001
0,C,245,V,0.000
0,C,246,D,0.005
0,C,247,Y,0.007
0,C,248,M,0.002
0,C,249,V,0.015
0,C,250,Q,0.004
0,C,251,K,0.118
0,C,252,P,0.176
0,C,253,G,0.047
0,C,254,K,0.038
0,C,255,T,0.010
0,C,256,G,0.001
0,C,257,T,0.004
0,C,258,I,0.000
0,C,259,V,0.004
0,C,260,Y,0.007
0,C,261,Q,0.054
0,C,262,R,0.074
0,C,263,G,0.001
0,C,264,I,0.001
0,C,265,L,0.000
0,C,266,L,0.005
0,C,267,P,0.002
0,C,268,Q,0.026
0,C,269,K,0.060
0,C,270,V,0.009
0,C,271,W,0.053
0,C,272,C,0.113
0,C,273,A,0.008
0,C,274,S,0.153
0,C,275,G,0.149
0,C,276,R,0.124
0,C,277,S,0.025
0,C,278,K,0.064
0,C,279,V,0.007
0,C,280,I,0.006
0,C,281,K,0.040
0,C,282,G,0.034
0,C,283,S,0.095
0,C,284,L,0.139
0,C,285,P,0.187
0,C,286,L,0.104
0,C,287,I,0.123
0,C,288,G,0.095
0,C,289,E,0.100
0,C,290,A,0.065
0,C,291,D,0.085
0,C,292,C,0.013
0,C,293,L,0.033
0,C,294,H,0.050
0,C,295,E,0.030
0,C,296,K,0.057
0,C,297,Y,0.064
0,C,298,G,0.047
0,C,299,G,0.074
0,C,300,L,0.058
0,C,301,N,0.103
0,C,302,K,0.077
0,C,303,S,0.097
0,C,304,K,0.108
0,C,305,P,0.046
0,C,306,Y,0.030
0,C,307,Y,0.031
0,C,308,T,0.031
0,C,309,G,0.043
0,C,310,E,0.054
0,C,311,H,0.024
0,C,312,A,0.030
0,C,313,K,0.015
0,C,314,A,0.009
0,C,315,I,0.023
0,C,316,G,0.051
0,C,317,N,0.058
0,C,318,C,0.030
0,C,319,P,0.031
0,C,320,I,0.009
0,C,321,W,0.020
0,C,322,V,0.004
0,C,323,K,0.040
0,C,324,T,0.025
0,C,325,P,0.029
0,C,326,L,0.011
0,C,327,K,0.019
0,C,328,L,0.005
0,C,329,A,0.003
0,C,330,N,0.114
0,C,331,G,0.065
0,C,332,T,0.017
0,C,333,K,0.021
0,C,334,Y,0.046
0,C,335,R,0.014
0,C,336,P,0.030
0,C,337,P,0.036
0,C,338,A,0.018
0,C,339,K,0.031
0,C,340,L,0.039
0,C,341,L,0.055
0,D,2,F,0.019
0,D,3,F,0.009
0,D,4,G,0.010
0,D,5,A,0.013
0,D,6,I,0.004
0,D,7,A,0.005
0,D,8,G,0.010
0,D,9,F,0.011
0,D,10,L,0.016
0,D,11,E,0.046
0,D,12,G,0.026
0,D,13,G,0.012
0,D,14,W,0.016
0,D,15,E,0.087
0,D,16,G,0.065
0,D,17,M,0.122
0,D,18,I,0.209
0,D,19,A,0.298
0,D,20,G,0.233
0,D,21,W,0.167
0,D,22,H,0.049
0,D,23,G,0.011
0,D,24,Y,0.011
0,D,25,T,0.004
0,D,26,S,0.014
0,D,27,H,0.018
0,D,28,G,0.088
0,D,29,A,0.130
0,D,30,H,0.109
0,D,31,G,0.071
0,D,32,V,0.085
0,D,33,A,0.051
0,D,34,V,0.041
0,D,35,A,0.054
0,D,36,A,0.110
0,D,37,D,0.033
0,D,38,L,0.382
0,D,39,K,0.095
0,D,40,S,0.005
0,D,41,T,0.120
0,D,42,Q,0.382
0,D,43,E,0.059
0,D,44,A,0.010
0,D,45,I,0.371
0,D,46,N,0.203
0,D,47,K,0.020
0,D,48,I,0.054
0,D,49,T,0.348
0,D,50,K,0.110
0,D,51,N,0.013
0,D,52,L,0.178
0,D,53,N,0.156
0,D,54,S,0.028
0,D,55,L,0.017
0,D,56,S,0.114
0,D,57,E,0.097
0,D,58,L,0.012
0,D,59,E,0.057
0,D,60,V,0.013
0,D,61,K,0.038
0,D,62,N,0.026
0,D,63,L,0.009
0,D,64,Q,0.029
0,D,65,R,0.049
0,D,66,L,0.048
0,D,67,S,0.025
0,D,68,G,0.026
0,D,69,A,0.023
0,D,70,M,0.021
0,D,71,D,0.072
0,D,72,E,0.072
0,D,73,L,0.061
0,D,74,H,0.051
0,D,75,N,0.168
0,D,76,E,0.080
0,D,77,I,0.017
0,D,78,L,0.060
0,D,79,E,0.097
0,D,80,L,0.006
0,D,81,D,0.020
0,D,82,E,0.088
0,D,83,K,0.038
0,D,84,V,0.005
0,D,85,D,0.008
0,D,86,D,0.077
0,D,87,L,0.005
0,D,88,R,0.005
0,D,89,A,0.012
0,D,90,D,0.030
0,D,91,T,0.001
0,D,92,I,0.001
0,D,93,S,0.014
0,D,94,S,0.006
0,D,95,Q,0.002
0,D,96,I,0.002
0,D,97,E,0.026
0,D,98,L,0.009
0,D,99,A,0.011
0,D,100,V,0.006
0,D,101,L,0.014
0,D,102,L,0.036
0,D,103,S,0.018
0,D,104,N,0.005
0,D,105,E,0.024
0,D,106,G,0.039
0,D,107,I,0.004
0,D,108,I,0.006
0,D,109,N,0.025
0,D,110,S,0.017
0,D,111,E,0.003
0,D,112,D,0.006
0,D,113,E,0.012
0,D,114,H,0.007
0,D,115,L,0.003
0,D,116,L,0.009
0,D,117,A,0.005
0,D,118,L,0.002
0,D,119,E,0.011
0,D,120,R,0.015
0,D,121,K,0.014
0,D,122,L,0.001
0,D,123,K,0.021
0,D,124,K,0.022
0,D,125,M,0.009
0,D,126,L,0.002
0,D,127,G,0.008
0,D,128,P,0.040
0,D,129,S,0.033
0,D,130,A,0.012
0,D,131,V,0.022
0,D,132,D,0.022
0,D,133,I,0.007
0,D,134,G,0.009
0,D,135,N,0.008
0,D,136,G,0.005
0,D,137,C,0.006
0,D,138,F,0.001
0,D,139,E,0.029
0,D,140,T,0.020
0,D,141,K,0.106
0,D,142,H,0.043
0,D,143,K,0.141
0,D,144,C,0.023
0,D,145,N,0.143
0,D,146,Q,0.097
0,D,147,T,0.128
0,D,148,C,0.026
0,D,149,L,0.007
0,D,150,D,0.088
0,D,151,R,0.026
0,D,152,I,0.002
0,D,153,A,0.033
0,D,154,A,0.059
0,D,155,G,0.011
0,D,156,T,0.025
0,D,157,F,0.013
0,D,158,N,0.035
0,D,159,A,0.007
0,D,160,G,0.053
0,D,161,E,0.055
0,D,162,F,0.051
0,D,163,S,0.090
0,D,164,L,0.035
0,D,165,P,0.037
0,D,166,T,0.041
0,D,167,F,0.025
0,D,168,D,0.066
0,D,169,S,0.041
0,D,170,L,0.032
0,D,171,N,0.072
0,E,1,D,0.069
0,E,2,R,0.054
0,E,3,I,0.002
0,E,4,C,0.011
0,E,5,T,0.003
0,E,6,G,0.003
0,E,7,I,0.030
0,E,8,T,0.060
0,E,9,S,0.048
0,E,10,S,0.092
0,E,11,N,0.065
0,E,12,S,0.035
0,E,13,P,0.036
0,E,14,H,0.016
0,E,15,V,0.023
0,E,16,V,0.004
0,E,17,K,0.038
0,E,18,T,0.011
0,E,19,A,0.027
0,E,20,T,0.022
0,E,21,Q,0.036
0,E,22,G,0.073
0,E,23,E,0.039
0,E,24,V,0.009
0,E,25,N,0.028
0,E,26,V,0.006
0,E,27,T,0.073
0,E,28,G,0.056
0,E,29,V,0.022
0,E,30,I,0.165
0,E,31,P,0.054
0,E,32,L,0.012
0,E,33,T,0.024
0,E,34,T,0.056
0,E,35,T,0.052
0,E,36,P,0.044
0,E,37,T,0.062
0,E,38,K,0.052
0,E,39,S,0.081
0,E,40,H,0.092
0,E,41,F,0.064
0,E,42,A,0.054
0,E,43,N,0.087
0,E,44,L,0.039
0,E,45,K,0.132
0,E,46,G,0.113
0,E,47,T,0.088
0,E,48,K,0.092
0,E,49,T,0.034
0,E,50,R,0.028
0,E,51,G,0.021
0,E,52,K,0.126
0,E,53,L,0.017
0,E,54,C,0.015
0,E,55,P,0.132
0,E,56,T,0.136
0,E,57,C,0.078
0,E,58,L,0.277
0,E,59,N,0.350
0,E,60,C,0.185
0,E,61,T,0.192
0,E,62,D,0.075
0,E,63,L,0.025
0,E,64,D,0.007
0,E,65,V,0.020
0,E,66,A,0.003
0,E,67,L,0.001
0,E,68,G,0.003
0,E,69,R,0.028
0,E,70,P,0.038
0,E,71,M,0.215
0,E,72,C,0.031
0,E,73,V,0.070
0,E,74,G,0.120
0,E,75,V,0.131
0,E,76,T,0.029
0,E,77,P,0.047
0,E,78,S,0.061
0,E,79,A,0.012
0,E,80,K,0.078
0,E,81,A,0.008
0,E,82,S,0.002
0,E,83,I,0.015
0,E,84,L,0.013
0,E,85,H,0.118
0,E,86,E,0.109
0,E,87,V,0.058
0,E,88,R,0.101
0,E,89,P,0.042
0,E,90,V,0.126
0,E,91,T,0.063
0,E,92,S,0.288
0,E,93,G,0.178
0,E,94,C,0.009
0,E,95,F,0.090
0,E,96,P,0.054
0,E,97,I,0.006
0,E,98,M,0.005
0,E,99,H,0.019
0,E,100,D,0.011
0,E,101,R,0.005
0,E,102,T,0.004
0,E,103,K,0.011
0,E,104,I,0.002
0,E,105,R,0.021
0,E,106,Q,0.014
0,E,107,L,0.001
0,E,108,P,0.008
0,E,109,N,0.009
0,E,110,L,0.005
0,E,111,L,0.001
0,E,112,R,0.009
0,E,113,G,0.005
0,E,114,Y,0.084
0,E,115,E,0.066
0,E,116,K,0.169
0,E,117,I,0.020
0,E,118,R,0.130
0,E,119,L,0.061
0,E,120,S,0.102
0,E,121,T,0.170
0,E,122,Q,0.185
0,E,123,N,0.126
0,E,124,V,0.033
0,E,125,I,0.020
0,E,126,N,0.079
0,E,127,A,0.021
0,E,128,E,0.095
0,E,129,K,0.120
0,E,130,A,0.022
0,E,131,P,0.089
0,E,132,G,0.137
0,E,133,G,0.218
0,E,134,P,0.237
0,E,135,Y,0.111
0,E,136,R,0.242
0,E,137,L,0.059
0,E,138,G,0.056
0,E,139,T,0.163
0,E,140,S,0.197
0,E,141,G,0.268
0,E,142,S,0.158
0,E,143,C,0.011
0,E,144,P,0.194
0,E,145,N,0.101
0,E,146,A,0.121
0,E,147,T,0.097
0,E,148,S,0.098
0,E,149,R,0.253
0,E,150,S,0.172
0,E,151,G,0.030
0,E,152,F,0.061
0,E,153,F,0.006
0,E,154,A,0.033
0,E,155,T,0.004
0,E,156,M,0.001
0,E,157,A,0.006
0,E,158,W,0.018
0,E,159,A,0.025
0,E,160,V,0.064
0,E,161,P,0.118
0,E,162,K,0.268
0,E,163,D,0.369
0,E,163,N,0.337
0,E,163,N,0.312
0,E,164,K,0.280
0,E,165,T,0.343
0,E,166,A,0.199
0,E,167,T,0.143
0,E,168,N,0.185
0,E,169,P,0.047
0,E,170,L,0.050
0,E,171,T,0.023
0,E,172,V,0.010
0,E,173,E,0.017
0,E,174,V,0.001
0,E,175,P,0.022
0,E,176,H,0.057
0,E,177,I,0.126
0,E,178,C,0.192
0,E,179,T,0.308
0,E,180,K,0.199
0,E,181,E,0.319
0,E,182,E,0.206
0,E,183,D,0.156
0,E,184,Q,0.035
0,E,185,I,0.002
0,E,186,T,0.003
0,E,187,V,0.000
0,E,188,W,0.000
0,E,189,G,0.000
0,E,190,F,0.002
0,E,191,H,0.005
0,E,192,S,0.016
0,E,193,D,0.129
0,E,194,D,0.164
0,E,195,K,0.145
0,E,196,T,0.160
0,E,197,Q,0.211
0,E,198,M,0.094
0,E,199,K,0.167
0,E,200,N,0.156
0,E,201,L,0.118
0,E,202,Y,0.083
0,E,203,G,0.210
0,E,204,D,0.191
0,E,205,S,0.157
0,E,206,N,0.179
0,E,207,P,0.084
0,E,208,Q,0.053
0,E,209,K,0.015
0,E,210,F,0.003
0,E,211,T,0.003
0,E,212,S,0.001
0,E,213,S,0.003
0,E,214,A,0.001
0,E,215,N,0.014
0,E,216,G,0.013
0,E,217,V,0.019
0,E,218,T,0.009
0,E,219,T,0.006
0,E,220,H,0.003
0,E,221,Y,0.003
0,E,222,V,0.015
0,E,223,S,0.025
0,E,224,Q,0.065
0,E,225,I,0.121
0,E,226,G,0.114
0,E,227,G,0.129
0,E,228,F,0.069
0,E,229,P,0.045
0,E,230,D,0.129
0,E,231,Q,0.174
0,E,232,T,0.081
0,E,233,E,0.087
0,E,234,D,0.131
0,E,235,G,0.290
0,E,236,G,0.410
0,E,237,L,0.370
0,E,238,P,0.358
0,E,239,Q,0.354
0,E,240,S,0.266
0,E,241,G,0.013
0,E,242,R,0.022
0,E,243,I,0.001
0,E,244,V,0.002
0,E,245,V,0.000
0,E,246,D,0.004
0,E,247,Y,0.005
0,E,248,M,0.002
0,E,249,V,0.018
0,E,250,Q,0.004
0,E,251,K,0.118
0,E,252,P,0.135
0,E,253,G,0.052
0,E,254,K,0.036
0,E,255,T,0.011
0,E,256,G,0.001
0,E,257,T,0.004
0,E,258,I,0.000
0,E,259,V,0.005
0,E,260,Y,0.006
0,E,261,Q,0.062
0,E,262,R,0.072
0,E,263,G,0.003
0,E,264,I,0.002
0,E,265,L,0.000
0,E,266,L,0.004
0,E,267,P,0.002
0,E,268,Q,0.024
0,E,269,K,0.055
0,E,270,V,0.008
0,E,271,W,0.056
0,E,272,C,0.077
0,E,273,A,0.008
0,E,274,S,0.141
0,E,275,G,0.157
0,E,276,R,0.115
0,E,277,S,0.018
0,E,278,K,0.056
0,E,279,V,0.004
0,E,280,I,0.006
0,E,281,K,0.041
0,E,282,G,0.044
0,E,283,S,0.100
0,E,284,L,0.161
0,E,285,P,0.232
0,E,286,L,0.141
0,E,287,I,0.162
0,E,288,G,0.153
0,E,289,E,0.130
0,E,290,A,0.081
0,E,291,D,0.100
0,E,292,C,0.023
0,E,293,L,0.039
0,E,294,H,0.039
0,E,295,E,0.021
0,E,296,K,0.039
0,E,297,Y,0.047
0,E,298,G,0.055
0,E,299,G,0.086
0,E,300,L,0.053
0,E,301,N,0.114
0,E,302,K,0.086
0,E,303,S,0.104
0,E,304,K,0.109
0,E,305,P,0.051
0,E,306,Y,0.034
0,E,307,Y,0.030
0,E,308,T,0.032
0,E,309,G,0.036
0,E,310,E,0.050
0,E,311,H,0.029
0,E,312,A,0.025
0,E,313,K,0.014
0,E,314,A,0.008
0,E,315,I,0.020
0,E,316,G,0.056
0,E,317,N,0.064
0,E,318,C,0.031
0,E,319,P,0.030
0,E,320,I,0.013
0,E,321,W,0.027
0,E,322,V,0.004
0,E,323,K,0.048
0,E,324,T,0.026
0,E,325,P,0.031
0,E,326,L,0.014
0,E,327,K,0.021
0,E,328,L,0.003
0,E,329,A,0.003
0,E,330,N,0.133
0,E,331,G,0.062
0,E,332,T,0.032
0,E,333,K,0.025
0,E,334,Y,0.055
0,E,335,R,0.018
0,E,336,P,0.039
0,E,337,P,0.044
0,E,338,A,0.024
0,E,339,K,0.041
0,E,340,L,0.043
0,E,341,L,0.065
0,F,2,F,0.013
0,F,3,F,0.009
0,F,4,G,0.011
0,F,5,A,0.015
0,F,6,I,0.004
0,F,7,A,0.005
0,F,8,G,0.015
0,F,9,F,0.017
0,F,10,L,0.021
0,F,11,E,0.045
0,F,12,G,0.034
0,F,13,G,0.013
0,F,14,W,0.019
0,F,15,E,0.107
0,F,16,G,0.071
0,F,17,M,0.115
0,F,18,I,0.221
0,F,19,A,0.298
0,F,20,G,0.214
0,F,21,W,0.199
0,F,22,H,0.044
0,F,23,G,0.012
0,F,24,Y,0.015
0,F,25,T,0.005
0,F,26,S,0.019
0,F,27,H,0.029
0,F,28,G,0.091
0,F,29,A,0.129
0,F,30,H,0.118
0,F,31,G,0.085
0,F,32,V,0.085
0,F,33,A,0.054
0,F,34,V,0.040
0,F,35,A,0.059
0,F,36,A,0.120
0,F,37,D,0.031
0,F,38,L,0.369
0,F,39,K,0.085
0,F,40,S,0.008
0,F,41,T,0.129
0,F,42,Q,0.372
0,F,43,E,0.064
0,F,44,A,0.011
0,F,45,I,0.365
0,F,46,N,0.204
0,F,47,K,0.019
0,F,48,I,0.044
0,F,49,T,0.339
0,F,50,K,0.105
0,F,51,N,0.009
0,F,52,L,0.153
0,F,53,N,0.157
0,F,54,S,0.027
0,F,55,L,0.015
0,F,56,S,0.115
0,F,57,E,0.095
0,F,58,L,0.011
0,F,59,E,0.076
0,F,60,V,0.013
0,F,61,K,0.043
0,F,62,N,0.030
0,F,63,L,0.010
0,F,64,Q,0.025
0,F,65,R,0.048
0,F,66,L,0.051
0,F,67,S,0.023
0,F,68,G,0.025
0,F,69,A,0.035
0,F,70,M,0.021
0,F,71,D,0.072
0,F,72,E,0.081
0,F,73,L,0.042
0,F,74,H,0.048
0,F,75,N,0.174
0,F,76,E,0.080
0,F,77,I,0.012
0,F,78,L,0.073
0,F,79,E,0.108
0,F,80,L,0.006
0,F,81,D,0.021
0,F,82,E,0.110
0,F,83,K,0.064
0,F,84,V,0.005
0,F,85,D,0.011
0,F,86,D,0.096
0,F,87,L,0.006
0,F,88,R,0.005
0,F,89,A,0.017
0,F,90,D,0.037
0,F,91,T,0.001
0,F,92,I,0.002
0,F,93,S,0.018
0,F,94,S,0.007
0,F,95,Q,0.002
0,F,96,I,0.002
0,F,97,E,0.028
0,F,98,L,0.009
0,F,99,A,0.010
0,F,100,V,0.005
0,F,101,L,0.013
0,F,102,L,0.035
0,F,103,S,0.012
0,F,104,N,0.004
0,F,105,E,0.016
0,F,106,G,0.032
0,F,107,I,0.003
0,F,108,I,0.003
0,F,109,N,0.013
0,F,110,S,0.007
0,F,111,E,0.003
0,F,112,D,0.005
0,F,113,E,0.006
0,F,114,H,0.005
0,F,115,L,0.003
0,F,116,L,0.005
0,F,117,A,0.003
0,F,118,L,0.002
0,F,119,E,0.009
0,F,120,R,0.006
0,F,121,K,0.004
0,F,122,L,0.001
0,F,123,K,0.012
0,F,124,K,0.008
0,F,125,M,0.006
0,F,126,L,0.002
0,F,127,G,0.008
0,F,128,P,0.041
0,F,129,S,0.040
0,F,130,A,0.016
0,F,131,V,0.027
0,F,132,D,0.024
0,F,133,I,0.010
0,F,134,G,0.013
0,F,135,N,0.013
0,F,136,G,0.007
0,F,137,C,0.013
0,F,138,F,0.001
0,F,139,E,0.039
0,F,140,T,0.021
0,F,141,K,0.113
0,F,142,H,0.047
0,F,143,K,0.156
0,F,144,C,0.026
0,F,145,N,0.152
0,F,146,Q,0.110
0,F,147,T,0.134
0,F,148,C,0.024
0,F,149,L,0.007
0,F,150,D,0.105
0,F,151,R,0.030
0,F,152,I,0.002
0,F,153,A,0.043
0,F,154,A,0.059
0,F,155,G,0.007
0,F,156,T,0.027
0,F,157,F,0.012
0,F,158,N,0.037
0,F,159,A,0.010
0,F,160,G,0.058
0,F,161,E,0.063
0,F,162,F,0.063
0,F,163,S,0.100
0,F,164,L,0.043
0,F,165,P,0.049
0,F,166,T,0.053
0,F,167,F,0.022
0,F,168,D,0.066
0,F,169,S,0.019
0,F,170,L,0.020
0,F,171,N,0.035
0,F,172,I,0.018
